Time,Humidity,Temperature,Voltage,Current,Power
0.03333333333333333,43.0,23.899999618530273,12.5,813.719512195122,10176.829268292684
0.06666666666666667,43.20000076293945,23.899999618530273,12.504,813.719512195122,10174.390243902439
0.1,43.20000076293945,23.899999618530273,12.504,814.0243902439024,10180.487804878048
0.13333333333333333,43.20000076293945,23.899999618530273,12.504,813.719512195122,10180.487804878048
