Time,Humidity,Temperature,Voltage
2019-10-08 14:41:39.246340,48.70000076293945,23.700000762939453,12.624
